data_coleta;ticker;descricao;patrimonio;p_vp;dy;dy_5anos;liquidez;tipo;segmento
2026-10-03;KNCR11;Kinea Rendimentos Imobiliários Fundos;10,99 B;1,02;13,25;11,39;22,16 M;Fundo de Papel;15,53%
2026-10-03;ISNT11;Itaú Isento Março 28 Fic Fi-Infra;8,04 B;1,01;;;6,93 M;Outro;11,53%
2026-10-03;HGLG11;Pátria Log;7,57 B;0,88;9,12;8,6;20,64 M;Fundo de Tijolo;0,23%
2026-10-03;BTLG11;Btg Pactual Logística;7,57 B;0,93;9,68;8,77;18,19 M;Fundo de Tijolo;5,39%
2026-10-03;KNIP11;Kinea Índice De Preços Fundo;7,48 B;0,95;11,43;11,77;8,07 M;Fundo de Papel;14,21%
2026-10-03;ISEN11;Itaú Isento Março 29 Fic Fi De Infraestrutura;7,09 B;1,01;;;3,33 M;Outro;14,55%
2026-10-03;XPML11;Xp Malls Fundos;7,08 B;0,92;10,89;8,8;21,32 M;Fundo de Tijolo;6,95%
2026-10-03;TRXF11;Trx Real Estate;6,03 B;0,73;16,82;10,57;43,08 M;Fundo de Tijolo;-18,23%
2026-10-03;BISE11;Infra Bise;5,94 B;1,01;;;6,20 M;Fundo de Papel;5,54%
2026-10-03;XPLG11;Xp Log;5,38 B;0,88;10,68;8,63;7,57 M;Fundo de Tijolo;1,76%
2026-10-03;MXRF11;Maxi Renda;5,25 B;0,98;13,15;11,69;19,79 M;Fundo de Papel;7,83%
2026-10-03;KNRI11;Kinea Renda Imobiliária;4,61 B;0,95;8,48;7,59;7,87 M;Fundo de Tijolo;15,78%
2026-10-03;FTCE11B;Opportunity;4,03 B;0,94;;4,78;2,92 M;Outro;-
2026-10-03;ISTT11;Itaú Isento Setembro 29 Fic Fi De Infra Rf;3,91 B;1,02;;;3,15 M;Outro;14,16%
2026-10-03;GGRC11;Zagros Renda Imobiliária;3,78 B;0,82;14,44;10,01;17,35 M;Fundo de Tijolo;1,13%
2026-10-03;ISNN11;Itaú Isento Julho 28 Fic Fiif Infra Rf Resp Lim;3,43 B;1,01;;;3,20 M;Fundo de Papel;9,95%
2026-10-03;VISC11;Vinci Shopping Centers;3,33 B;0,9;9,62;8,41;7,03 M;Fundo de Tijolo;4,17%
2026-10-03;HGRU11;Pátria Renda Urbana;3,18 B;0,9;10,35;9,1;8,84 M;Fundo de Tijolo;0,12%
2026-10-03;KNHY11;Kinea High Yield Cri;3,08 B;0,95;13,19;13,18;4,80 M;Fundo de Papel;5,92%
2026-10-03;CPTS11;Capitania Securities Ii;3,08 B;0,89;14,32;12,21;5,24 M;Fundo de Papel;13,40%
2026-10-03;HGBS11;Hedge Brasil Shopping;2,91 B;0,9;10,79;8,29;5,11 M;Fundo de Tijolo;-0,44%
2026-10-03;IRIM11;Iridium;2,89 B;0,75;16,44;11,76;2,70 M;Fundo de Papel;7,26%
2026-10-03;PVBI11;Vbi Prime Properties;2,84 B;0,63;7,53;7,61;3,78 M;Fundo de Tijolo;-6,93%
2026-10-03;KDIF11;Kinea Fi - Infra;2,80 B;0,94;13,87;9,94;5,60 M;Outro;5,12%
2026-10-03;CDII11;Sparta Infra Cdi Fic Fi-Infra;2,78 B;0,93;15,59;14,03;6,32 M;Outro;-0,79%
2026-10-03;GARE11;Guardian Real Estate;2,62 B;0,92;11,93;10,77;6,10 M;Fundo de Tijolo;5,03%
2026-10-03;TGAR11;Tg Ativo Real;2,51 B;0,4;22,17;13,14;3,78 M;Fundo de Desenvolvimento;-41,24%
2026-10-03;HCTR11;Hectare Ce;2,32 B;0,12;25,62;14,73;551,28 K;Fundo de Papel;-33,09%
2026-10-03;RECR11;Fii Rec Recebíveis Imobiliários;2,32 B;0,83;14,82;13,31;2,76 M;Fundo de Papel;5,60%
2026-10-03;KNCA11;Kinea Crédito Agro Fiagro;2,16 B;0,85;14,71;13,66;3,19 M;Outro;4,40%
2026-10-03;KNUQ11;Kinea Unique Hy Cdi Fundo De Investimento Imob;2,16 B;1,02;14,18;11,17;4,64 M;Fundo de Papel;13,89%
2026-10-03;BRCR11;Btg Pactual Corporate Office;2,15 B;0,51;11,88;9,7;1,36 M;Fundo de Tijolo;6,65%
2026-10-03;PMLL11;Genial Malls;2,12 B;0,87;11,19;8,74;3,14 M;Fundo de Tijolo;15,25%
2026-10-03;HSML11;Hsi Malls;2,11 B;0,83;10,5;9,09;4,79 M;Fundo de Tijolo;7,83%
2026-10-03;JSRE11;Js Real Estate Multigestão - Fii;2,11 B;0,61;9,42;8,16;2,67 M;Outro;10,59%
2026-10-03;JURO11;Sparta Infra Fic Fi-Infra;2,09 B;0,94;10,23;13,25;4,19 M;Outro;4,12%
2026-10-03;BRCO11;Bresco Logística;2,07 B;0,96;10,0;8,49;5,77 M;Fundo de Tijolo;5,21%
2026-10-03;GZIT11;Gazit Malls;2,03 B;0,42;17,46;12,38;322,24 K;Fundo Misto;-5,92%
2026-10-03;BTHF11;Btg Pactual Real Estate Hedge Fund;1,96 B;0,91;13,65;7,42;3,82 M;Fundo de Papel;14,59%
2026-10-03;LVBI11;Vbi Logístico;1,95 B;0,8;9,42;8,56;3,83 M;Fundo de Tijolo;-2,54%
2026-10-03;KNHF11;Kinea Hedge Fund Fdo De Inv Imob;1,95 B;0,94;12,94;9,59;5,45 M;Fundo Misto;12,39%
2026-10-03;RZTR11;Riza Terrax;1,84 B;0,85;13,91;12,54;2,82 M;Outro;2,86%
2026-10-03;KNSC11;Kinea Securities;1,79 B;1,03;12,51;12,35;5,25 M;Fundo de Papel;17,99%
2026-10-03;HGRE11;Patria Escritórios;1,78 B;0,77;9,89;8,68;2,49 M;Fundo de Tijolo;5,89%
2026-10-03;RBVA11;Rio Bravo Renda Varejo;1,76 B;0,83;12,24;11,54;1,82 M;Fundo de Tijolo;6,05%
2026-10-03;ALZR11;Alianza Trust Renda Imobiliária;1,76 B;0,93;10,1;8,98;3,12 M;Fundo de Tijolo;3,01%
2026-10-03;SNEL11;Suno Energias Limpas;1,76 B;0,83;15,06;10,09;6,05 M;Outro;7,60%
2026-10-03;MCLO11;Mauá Capital Logística;1,73 B;0,74;10,19;7,96;328,47 K;Outro;11,29%
2026-10-03;RURA11;Itaú Asset Rural Fiagro;1,65 B;0,77;16,64;12,43;2,17 M;Outro;15,00%
2026-10-03;HFOF11;Hedge Top;1,65 B;0,82;11,36;9,95;1,66 M;Fundo de Fundos;13,89%
2026-10-03;VILG11;Vinci Logística;1,63 B;0,85;10,32;8,29;2,42 M;Fundo de Tijolo;18,04%
2026-10-03;TVRI11;Tivio Renda Imobiliária Fundo De Investimento Imob;1,60 B;0,86;14,54;12,12;933,18 K;Fundo de Tijolo;5,98%
2026-10-03;MCCI11;Mauá Capital Recebíveis Imobiliários;1,59 B;1,0;12,72;11,88;5,67 M;Fundo de Papel;18,26%
2026-10-03;PCIP11;Patria Crédito Imobiliário Índice De Preços Fii;1,59 B;0,79;14,39;8,19;3,12 M;Fundo de Papel;-0,35%
2026-10-03;IFRI11;Itaú Fic Fi Invest Finan Infra Cdi Rf Cp;1,55 B;0,96;16,22;10,8;1,84 M;Outro;9,95%
2026-10-03;HGCR11;Cghg Recebíveis Imobiliários;1,51 B;0,96;12,51;12,05;3,21 M;Fundo de Papel;12,19%
2026-10-03;RBRR11;Rbr Rendimento High Grade;1,51 B;0,76;14,15;11,36;5,21 M;Fundo de Papel;-8,98%
2026-10-03;IFRA11;Itau Fdo Inv Cotas Fdo Incent De Inv Infr. Rf Cp;1,47 B;0,93;12,37;11,0;2,56 M;Outro;3,11%
2026-10-03;VGIR11;Valora Re Iii;1,43 B;0,98;15,68;13,11;4,08 M;Fundo de Papel;18,16%
2026-10-03;BDIF11;Fundo Em Infraestrutura Btg Pactual Dívida Infra;1,43 B;0,88;14,08;12,39;2,04 M;Outro;6,10%
2026-10-03;CPSH11;Shoppings Aaa Fdo De Inv Imob;1,42 B;0,85;13,92;10,07;3,84 M;Fundo de Tijolo;13,94%
2026-10-03;HSLG11;Hsi Logística;1,39 B;0,75;10,68;9,15;1,19 M;Fundo de Tijolo;3,27%
2026-10-03;PFIN11;Perfin Apollo Energia Fip Em Infraestrutura;1,36 B;0,77;48,3;6,44;821,51 K;Outro;21,12%
2026-10-03;VCJR11;Vectis Juros Real;1,36 B;0,72;17,01;12,58;3,63 M;Fundo de Papel;0,83%
2026-10-03;DEVA11;Devant Recebíveis Imobiliários;1,35 B;0,18;23,02;15,01;398,98 K;Fundo de Papel;-23,35%
2026-10-03;RBRX11;Patria Plus Mult. Real Estate  - Resp. Limitada;1,35 B;0,78;14,98;12,68;2,18 M;Fundo de Fundos;5,09%
2026-10-03;VGHF11;Valora Hedge;1,34 B;0,61;16,33;13,4;2,07 M;Fundo de Papel;-26,30%
2026-10-03;VRTA11;Fator Verita;1,30 B;0,84;14,45;12,15;1,40 M;Fundo de Papel;4,70%
2026-10-03;PSEC11;Vbi Reits Fof;1,29 B;0,73;14,52;11,58;1,52 M;Fundo de Fundos;-8,57%
2026-10-03;RBRY11;Rbr Private Crédito Imobiliário;1,28 B;0,81;16,37;12,99;3,67 M;Fundo de Papel;-2,13%
2026-10-03;BROF11;Brpr Corporate Offices;1,26 B;0,58;10,63;10,43;354,03 K;Fundo de Tijolo;33,84%
2026-10-03;GSFI11;General Shop E Outlets Do Brasil;1,23 B;0,89;0,96;0,96;682,59 K;Fundo de Tijolo;20,76%
2026-10-03;CPTI11;Capitânia Infra Fic Fi-Infra Rf Cp;1,22 B;0,92;16,14;12,28;2,47 M;Outro;16,64%
2026-10-03;GTWR11;Green Towers;1,22 B;0,77;13,85;11,52;786,74 K;Fundo de Tijolo;14,33%
2026-10-03;BINC11;Bradesco Fic Rf Infra Cdi Créd Priv;1,17 B;0,93;16,83;9,29;1,16 M;Outro;11,46%
2026-10-03;MCRE11;Mauá Capital Real Estate;1,11 B;0,76;17,2;12,94;3,19 M;Fundo de Papel;-1,44%
2026-10-03;VGIP11;Valora Cri Índice De Preço;1,07 B;0,79;14,51;13,07;1,53 M;Fundo de Papel;1,51%
2026-10-03;BRZP11;Brz Infra Portos Fdo, Inv. Em Part. Infraestrutura;1,07 B;0,89;;;1,06 M;Outro;37,49%
2026-10-03;URPR11;Urca Prime Renda;1,07 B;0,21;20,16;16,0;304,92 K;Fundo de Papel;-40,05%
2026-10-03;XPIE11;Xp Infra Ii Fdo De Inv Part Ie;1,04 B;0,56;16,94;8,26;690,76 K;Outro;-7,30%
2026-10-03;KORE11;Kinea Oportunidades Real Estate;1,03 B;0,62;13,66;11,7;1,54 M;Fundo de Tijolo;9,27%
2026-10-03;JCCJ11;Jhsf Capital Jardins;1,03 B;0,73;12,73;2,38;310,80 K;Fundo de Fundos;-1,87%
2026-10-03;VGIA11;Valora Cra Fdo Inv Nas Cad Prod Agro;1,02 B;0,91;18,68;15,91;1,66 M;Outro;8,26%
2026-10-03;KNOX11;Knox Debt Fdo. Invest. Part. Infraestrutura;1,01 B;1,02;5,58;4,97;445,61 K;Outro;15,37%
2026-10-03;BTCI11;Fii Btg Pactual Fundo De Cri;1,01 B;0,86;13,55;10,46;3,44 M;Fundo de Papel;5,72%
2026-10-03;DIVS11;Sparta Infra Inflação Longa Fi-Infra;1,00 B;0,96;15,33;11,7;1,69 M;Fundo de Desenvolvimento;4,98%
2026-10-03;IBBP11;Invista Brazilian Business Park Fii;997,97 M;0,82;11,66;10,29;1,73 M;Fundo Misto;19,58%
2026-10-03;BBIG11;Fii Bbig;965,91 M;0,49;13,85;10,68;645,17 K;Fundo de Tijolo;-16,43%
2026-10-03;RBRP11;Rbr Properties;957,91 M;0,65;9,15;8,33;696,28 K;Fundo de Tijolo;5,31%
2026-10-03;KNDI11;Kinea Estrategia Infra;907,00 M;0,92;15,73;8,15;1,20 M;Outro;6,97%
2026-10-03;SNAG11;Suno Agro;905,89 M;0,98;15,96;11,05;1,70 M;Outro;20,76%
2026-10-03;BPML11;Btg Pactual Shoppings;886,30 M;0,75;12,4;8,35;500,20 K;Fundo de Tijolo;26,65%
2026-10-03;VINO11;Vinci Offices;814,06 M;0,44;12,16;9,98;307,04 K;Fundo de Tijolo;-5,31%
2026-10-03;PQAG11;Parque Anhanguera;790,28 M;0,96;10,73;8,98;1,48 M;Fundo de Tijolo;8,93%
2026-10-03;RZAK11;Riza Akin;776,33 M;0,88;16,77;14,98;1,57 M;Fundo de Papel;10,43%
2026-10-03;BTRU11;Hsi Renda Imobiliária;769,71 M;1,0;11,22;11,22;240,28 K;Fundo Misto;5,12%
2026-10-03;RECT11;Fii Rec Renda Imobiliária;767,70 M;0,37;16,02;11,2;402,03 K;Outro;11,88%
2026-10-03;XPCI11;Xp Credito Imobiliário;762,34 M;0,89;13,73;12,51;1,65 M;Fundo de Papel;6,44%
2026-10-03;RVBI11;Vbi Reits Fof (Old);760,04 M;0,81;1,16;11,14;1,18 M;Fundo de Fundos;1,41%
2026-10-03;HABT11;Habitat Ii;754,66 M;0,69;17,73;14,84;932,63 K;Fundo de Papel;-2,73%
2026-10-03;VIGT11;Vinci Energia;737,87 M;0,6;5,73;8,4;297,35 K;Outro;44,40%
2026-10-03;CPOF11;Capitânia Office Fii - Fdo De Inv Imob;730,63 M;0,89;3,79;7,3;1,37 M;Fundo Misto;11,66%
2026-10-03;CCME11;Canuma Capital Multiestratégia;712,93 M;0,83;11,83;8,3;142,88 K;Fundo Misto;11,22%
2026-10-03;RCRB11;Rio Bravo Renda Corporativa;704,44 M;0,69;10,0;7,25;739,36 K;Fundo de Tijolo;14,18%
2026-10-03;FATN11;Athena I;687,41 M;0,86;11,43;10,39;1,66 M;Fundo de Tijolo;7,02%
2026-10-03;JSAF11;Js Ativos Financeiros;685,96 M;0,79;13,81;10,68;1,47 M;Fundo de Papel;7,69%
2026-10-03;BTAL11;Btg Pactual Agro Logística;685,91 M;0,72;14,28;10,64;484,81 K;Fundo de Tijolo;18,03%
2026-10-03;RZAG11;Fdo Inv Cadeias Prod Agro Riza Agro;682,08 M;0,82;18,1;12,78;1,05 M;Outro;6,89%
2026-10-03;PQDP11;Parque Dom Pedro Shopping Center;675,53 M;0,94;9,03;9,07;183,89 K;Fundo de Tijolo;13,77%
2026-10-03;CPUR11;Classe Única Do Capitânia Hbc Renda Urbana;673,74 M;1,06;11,05;9,33;1,91 M;Outro;11,83%
2026-10-03;MFII11;Mérito Desenvolvimento Imobiliário;660,37 M;0,37;28,01;13,8;936,03 K;Fundo de Desenvolvimento;-47,02%
2026-10-03;FZDB11;051 Agro Faziii Fdo Inv Nas Cad Prod Agro;644,95 M;0,89;2,48;3,32;756,96 K;Fundo Misto;19,77%
2026-10-03;SHPH11;Shopping Pátio Higienópolis;629,75 M;0,95;6,53;6,33;137,90 K;Fundo de Tijolo;8,35%
2026-10-03;RBRL11;Rbr Log;624,42 M;0,81;11,66;9,73;1,77 M;Fundo de Tijolo;-0,63%
2026-10-03;KFOF11;Kinea Fii;610,93 M;0,89;12,33;10,28;977,98 K;Fundo de Fundos;12,60%
2026-10-03;CPLG11;Capitânia Logística Fii;605,60 M;1,03;16,43;6,24;592,61 K;Fundo Misto;5,42%
2026-10-03;TJKB11;Tjk Renda Imobiliária;600,45 M;0,9;13,65;10,43;1,97 M;Outro;16,78%
2026-10-03;TRBL11;Fdo De Invest Imob Tellus Rio Bravo Renda Logistic;593,18 M;0,64;19,69;9,77;1,36 M;Fundo de Tijolo;-8,50%
2026-10-03;ITRI11;Itaú Total Return Fii;547,41 M;0,87;13,75;10,47;951,16 K;Fundo Misto;7,80%
2026-10-03;BCRI11;Banestes Recebíveis Imobiliários;528,40 M;0,64;17,45;13,62;339,04 K;Fundo de Papel;-0,33%
2026-10-03;BODB11;Bocaina Infra;516,81 M;0,91;15,75;10,07;815,59 K;Outro;13,66%
2026-10-03;AFHI11;Af Invest Cri;505,17 M;0,99;12,76;12,07;889,70 K;Fundo de Papel;14,73%
2026-10-03;TEPP11;Tellus Properties;504,96 M;0,76;16,38;9,58;1,35 M;Fundo de Tijolo;-2,34%
2026-10-03;RINV11;Real Investor;502,57 M;1,02;13,19;10,76;515,07 K;Outro;13,00%
2026-10-03;INLG11;Inter Logístico Fii;480,62 M;0,58;12,42;9,85;153,62 K;Fundo de Tijolo;-7,47%
2026-10-03;ADSH11;Ad Shopping Fundo De Investimento Imobiliário;466,33 M;1,01;1,74;1,74;7,44 M;Fundo Misto;2,76%
2026-10-03;VCRA11;Vectis Datagro Cr Agr;465,22 M;0,54;20,72;14,46;449,25 K;Outro;8,82%
2026-10-03;SARE11;Santander Renda De Aluguéis;464,92 M;0,94;;8,45;831,29 K;Fundo Misto;35,71%
2026-10-03;TOPP11;Rbr Top Offices Fii;460,70 M;0,64;15,09;7,76;585,87 K;Fundo de Tijolo;9,20%
2026-10-03;HREC11;Hedge Recebíveis;458,41 M;0,92;12,93;11,73;153,00 K;Fundo de Papel;12,47%
2026-10-03;KISU11;Klima Fic Fundo Imobiliário Suno 30;449,85 M;0,8;12,75;10,59;389,46 K;Fundo de Fundos;1,83%
2026-10-03;CACR11;Cartesia Recebíveis Imobiliários;447,80 M;0,15;63,57;16,65;329,81 K;Fundo de Papel;-76,46%
2026-10-03;JMBI11;Jivemaua Bossanova;442,83 M;0,79;17,96;9,31;854,18 K;Outro;10,42%
2026-10-03;XPCA11;Xp Crédito Agrícola;437,73 M;0,76;17,46;14,82;527,48 K;Outro;8,15%
2026-10-03;FCFL11;Campus Faria Lima;436,54 M;0,95;9,24;8,45;108,67 K;Fundo de Tijolo;3,08%
2026-10-03;VRTM11;Fator Verità Multiestratégia;433,86 M;0,73;16,1;9,39;192,02 K;Outro;14,70%
2026-10-03;RZAT11;Riza Arctium Real Estate;430,09 M;0,87;15,97;14,17;519,93 K;Fundo de Tijolo;14,11%
2026-10-03;ENDD11;Endurance Debt;429,77 M;1,05;9,79;7,14;305,82 K;Outro;18,07%
2026-10-03;CLIN11;Clave Índices De Preços;429,34 M;0,86;14,16;9,64;882,18 K;Fundo de Papel;10,59%
2026-10-03;HTMX11;Fii Hotel Maxinvest;428,84 M;0,91;12,54;9,82;298,01 K;Fundo de Tijolo;10,27%
2026-10-03;FGAA11;Fg Agro Fdo De Invest;421,01 M;0,86;17,04;15,43;683,24 K;Outro;6,69%
2026-10-03;AZIN11;Az Quest Infra-Yield Ii Fip-Ie;417,30 M;0,97;18,75;12,76;1,06 M;Outro;10,28%
2026-10-03;TRXB11;Trx Real Estate Ii;415,69 M;1,88;18,05;12,08;7,72 M;Fundo de Desenvolvimento;52,54%
2026-10-03;PPEI11;Prisma Proton Energia;413,20 M;0,92;15,75;9,32;243,95 K;Outro;8,88%
2026-10-03;FIIB11;Industrial Do Brasil;406,64 M;0,74;8,3;8,64;236,06 K;Fundo de Tijolo;-3,96%
2026-10-03;SNCI11;Suno Recebíveis Imobiliários;400,59 M;0,87;14,48;11,2;448,55 K;Outro;14,56%
2026-10-03;BDIV11;Btg Pactual Infraestrutura Dividendos;396,39 M;1,0;36,99;17,96;346,05 K;Outro;29,14%
2026-10-03;LIFE11;Life Capital;389,37 M;0,71;20,5;14,95;440,20 K;Outro;-
2026-10-03;ICRI11;Itaú Crédito Imobiliário Ipca;385,09 M;0,85;14,34;12,62;673,37 K;Fundo de Papel;7,44%
2026-10-03;BTRA11;Btg Pactual Terras Agrícolas;384,32 M;0,61;13,43;8,39;187,23 K;Outro;47,74%
2026-10-03;CXCO11;Caixa Imóveis Corporativos;381,39 M;0,72;12,9;11,11;117,32 K;Fundo de Tijolo;35,83%
2026-10-03;BBGO11;Bb Fundo De Invest De Crédito Fiagro;378,80 M;0,69;15,76;12,91;147,22 K;Outro;18,43%
2026-10-03;NEWL11;Newport Logística;370,31 M;0,8;11,41;11,13;727,99 K;Fundo de Tijolo;12,47%
2026-10-03;AIEC11;Autonomy Edifícios Corporativos;365,45 M;0,87;6,41;12,22;674,16 K;Fundo de Tijolo;38,12%
2026-10-03;AZPL11;Az Quest Panorama Logística Fii;362,03 M;0,84;12,64;10,21;245,68 K;Fundo Misto;5,84%
2026-10-03;PLAG11;Vbi Agro;362,02 M;0,96;11,31;10,78;173,67 K;Fundo Misto;42,60%
2026-10-03;BCIA11;Bradesco Carteira Imobiliária Ativa;358,30 M;0,9;12,07;10,22;202,06 K;Fundo de Fundos;15,50%
2026-10-03;PORD11;Polo Recebíveis Imobiliários Ii;355,87 M;0,87;14,32;13,18;540,92 K;Fundo de Papel;19,48%
2026-10-03;AJFI11;Aj Malls;351,32 M;0,79;7,33;6,72;194,63 K;Fundo de Tijolo;15,92%
2026-10-03;CYCR11;Cyrela Crédito;347,44 M;0,88;15,14;12,17;931,78 K;Fundo de Papel;13,06%
2026-10-03;MANA11;Manatí Capital Hedge Fund;346,98 M;0,99;15,03;12,34;965,71 K;Outro;21,35%
2026-10-03;XPIN11;Invista Industrial;345,11 M;0,61;25,46;9,98;721,70 K;Fundo de Tijolo;-54,27%
2026-10-03;RPRI11;Rbr Premium Recebíveis Imobiliários;343,69 M;0,72;15,53;13,24;754,29 K;Fundo de Papel;-3,53%
2026-10-03;KCRE11;Kinea Creditas;337,64 M;0,89;13,59;11,79;312,11 K;Fundo de Papel;12,25%
2026-10-03;SNFF11;Sunofofi - Fii;333,72 M;0,86;14,89;9,76;301,09 K;Fundo de Fundos;15,15%
2026-10-03;XPSF11;Xp Selection Fundo De Fundos;325,81 M;0,84;13,15;11,42;1,23 M;Fundo de Fundos;15,69%
2026-10-03;OUJP11;Ourinvest Jpp;315,81 M;0,7;20,76;13,67;340,13 K;Fundo de Papel;8,50%
2026-10-03;HDOF11;Hedge Desenvolvimento Logístico;313,08 M;0,86;;;1,22 M;Fundo de Desenvolvimento;-20,00%
2026-10-03;EGAF11;Ecoagro I Fdo Inv Cadeias Prod Agroind;310,51 M;0,83;20,19;16,27;678,55 K;Outro;5,83%
2026-10-03;SPMO11;Fii Supremo;306,25 M;0,71;;;158,29 K;Fundo Misto;-
2026-10-03;NMKS11;Nm Ksm Log;302,42 M;1,52;;;1,27 M;Fundo de Papel;42,86%
2026-10-03;VPPR11;V2 Prime Properties;301,98 M;0,54;;7,55;170,78 K;Fundo Misto;64,44%
2026-10-03;VGRI11;Valora Renda Imob Fundo De Inves Imob;299,91 M;0,64;20,64;17,45;167,15 K;Fundo de Tijolo;-24,72%
2026-10-03;SAPI11;Santander Papéis Imobiliários;296,89 M;0,83;17,07;9,76;181,40 K;Fundo de Papel;11,51%
2026-10-03;TRXY11;Trx Hedge Fund;296,72 M;0,9;18,16;7,99;140,10 K;Outro;-3,10%
2026-10-03;WHGR11;Whg Real Estate;294,42 M;0,89;14,13;11,65;282,23 K;Fundo Misto;9,40%
2026-10-03;BPFF11;Brasil Plural Absoluto;279,19 M;0,86;;10,79;305,22 K;Fundo de Fundos;-1,83%
2026-10-03;BBFO11;Bb Fundo De Fundos;273,55 M;0,98;15,63;11,44;223,56 K;Fundo de Fundos;25,85%
2026-10-03;BODI11;Bocaina Infra Cdi Fic Fi Infra Rf;271,89 M;0,93;8,89;8,89;461,12 K;Outro;-1,58%
2026-10-03;GAME11;Guardian Multiestratégia I;264,88 M;0,92;13,8;10,81;292,09 K;Fundo de Papel;14,92%
2026-10-03;RDIV11;Rbr Desenvolvimento Iv;251,17 M;0,89;;;386,79 K;Fundo de Papel;-1,46%
2026-10-03;ALZC11;Fii Alianzac;249,66 M;0,83;16,35;13,7;157,03 K;Fundo de Papel;9,92%
2026-10-03;VXXV11;Vx Xvi;240,18 M;1,62;;5,49;45,57 M;Fundo de Desenvolvimento;18,98%
2026-10-03;GRUL11;Icatu Vanguarda Gru Logístico;239,33 M;0,83;11,87;9,26;213,59 K;Fundo de Tijolo;10,37%
2026-10-03;CRAA11;Sparta Fiagro Fdo Inv Nas Cad Prod Agro;239,26 M;0,91;15,53;13,33;490,61 K;Outro;11,07%
2026-10-03;XPID11;Xp Infra Debêntures;234,57 M;0,65;17,23;13,11;136,00 K;Outro;10,57%
2026-10-03;HOFC11;Hedge Office Income;231,25 M;0,54;;8,18;140,61 K;Fundo de Tijolo;17,93%
2026-10-03;RBFM11;Rio Bravo Multiestratégia Fii;227,76 M;0,79;10,05;10,05;301,10 K;Fundo Misto;0,10%
2026-10-03;HSAF11;Hsi Ativos Financeiros;225,43 M;0,84;15,22;13,3;502,11 K;Fundo de Papel;9,97%
2026-10-03;CXAG11;Caixa Agências;216,32 M;0,69;12,29;11,29;642,82 K;Fundo de Tijolo;7,49%
2026-10-03;BLMG11;Bluemacaw Logística;213,64 M;0,7;14,67;11,59;131,48 K;Fundo de Tijolo;11,87%
2026-10-03;RBRK11;Rbr Prime Offices;212,30 M;0,92;;;3,79 M;Fundo de Tijolo;0,03%
2026-10-03;HBCR11;Hbc Renda Urbana;208,98 M;1,1;4,76;9,74;25,15 M;Fundo Misto;15,28%
2026-10-03;JSCR11;Js Recebíveis Imobiliários;208,27 M;0,85;14,71;10,04;238,47 K;Fundo de Papel;14,29%
2026-10-03;AAZQ11;Az Quest Fiagro;207,47 M;0,67;20,12;16,41;280,00 K;Outro;-11,71%
2026-10-03;VCRR11;Vectis Renda Residencial;206,56 M;0,53;9,87;9,67;116,64 K;Fundo de Tijolo;-8,48%
2026-10-03;JGPX11;Jgp Crédito;205,08 M;0,55;20,74;14,43;376,47 K;Outro;-13,75%
2026-10-03;FIGS11;General Shopping Fundo De Investimento;199,84 M;0,68;12,06;9,0;221,74 K;Fundo de Tijolo;13,70%
2026-10-03;CPTR11;Capitania Agro Strategies;197,88 M;0,74;18,09;12,6;201,75 K;Outro;15,60%
2026-10-03;VCRI11;Vinci Credit;196,33 M;0,78;14,83;12,92;228,18 K;Fundo de Papel;21,93%
2026-10-03;BIDB11;Inter Fi-Infra;195,46 M;0,95;16,08;13,55;180,08 K;Outro;10,85%
2026-10-03;VINF11;Vinland Infraestrutura Fi Fif Debentures Infra;191,07 M;0,86;16,02;3,39;290,04 K;Outro;-3,92%
2026-10-03;BCDI11;Btg Pactual Dívida Infr Cdi Fic De Fi Inf Rf Cp Rl;189,28 M;0,92;2,55;2,55;1,27 M;Outro;-6,09%
2026-10-03;SPXS11;Spx Real Estate Multiestratégia;188,85 M;0,79;16,19;10,73;387,04 K;Outro;0,54%
2026-10-03;AGRX11;Exes Araguaia;188,08 M;0,74;18,69;12,58;364,89 K;Outro;13,52%
2026-10-03;RBHG11;Rio Bravo Crédito Imobiliário High Grade;187,67 M;0,67;16,51;13,96;473,12 K;Fundo de Papel;3,73%
2026-10-03;VVCR11;V2 Recebíveis Imobiliários;186,79 M;0,76;15,61;11,59;101,89 K;Fundo de Papel;-9,72%
2026-10-03;KIVO11;Kilima Volkano Recebíveis Imobiliários;186,43 M;0,63;19,98;15,63;397,50 K;Fundo de Papel;1,76%
2026-10-03;FIIP11;Rb Capital Renda I;185,54 M;0,67;12,58;9,84;183,81 K;Fundo de Tijolo;-5,17%
2026-10-03;FIIP11B;Rb Capital Renda I (Old);184,00 M;0,81;;9,98;598,24 K;Fundo de Tijolo;-4,27%
2026-10-03;COPN11;Copérnico Fip Infra;179,88 M;0,49;;0,66;322,50 K;Outro;-25,08%
2026-10-03;RBHY11;Rio Bravo Crédito Imobiliário High Yield;176,56 M;0,62;21,18;14,71;188,61 K;Fundo de Papel;-6,88%
2026-10-03;ARRI11;Átrio Reit Recebíveis Imobiliários;176,06 M;0,55;19,4;14,62;201,15 K;Fundo de Papel;-18,28%
2026-10-03;SNFZ11;Suno Fazendas Fiagro – Imobiliário;175,92 M;0,9;13,16;6,11;187,09 K;Outro;6,67%
2026-10-03;PLCR11;Plural Recebíveis;175,91 M;0,94;;11,98;612,26 K;Fundo de Papel;12,63%
2026-10-03;BTML11;Barra Malls Fundo De Investimento Imobiliário;165,80 M;0,54;15,5;11,34;11,66 M;Fundo de Tijolo;-
2026-10-03;RZLC11;Riza Lecci;161,88 M;1,01;14,59;4,99;993,90 K;Fundo de Papel;15,62%
2026-10-03;BTAG11;Btg Pactual Crédito Agrícola Fiagro;159,29 M;0,92;16,35;11,94;527,99 K;Outro;16,68%
2026-10-03;FYTO11;Nch Brasil Recebíveis Imobiliários;152,86 M;0,79;15,25;14,05;108,50 K;Fundo de Papel;14,93%
2026-10-03;NCHB11;Nch Brasil Recebíveis Imobiliários (Old);148,98 M;0,82;;11,77;109,74 K;Fundo de Papel;-6,67%
2026-10-03;BRFT11;Bradesco Farmtech;148,92 M;;19,67;12,33;178,75 K;Fundo de Papel;-16,24%
2026-10-03;OUFF11;Ourinvest;142,52 M;0,78;;10,19;264,30 K;Fundo de Fundos;-6,49%
2026-10-03;GCRA11;Galápagos Recebíveis Do Agronegócio;141,46 M;0,6;16,72;14,93;262,15 K;Outro;11,57%
2026-10-03;PMIS11;Paramis Hedge Fund;138,01 M;0,8;15,16;13,72;198,46 K;Outro;9,21%
2026-10-03;RIFF11;Riff Fi-Infra;136,31 M;0,8;14,48;7,92;230,54 K;Outro;12,63%
2026-10-03;EXES11;Exes;135,70 M;0,98;16,56;10,62;199,43 K;Fundo de Papel;13,36%
2026-10-03;EQIN11;Nch Eqi High Yield Recebíveis Imobiliários;135,10 M;1,0;;25,77;365,15 K;Fundo de Papel;0,91%
2026-10-03;GCRI11;Galapagos Recebíveis Imobiliários;133,90 M;0,74;14,84;14,26;139,36 K;Fundo de Papel;19,07%
2026-10-03;SPDE11;Whg Finvest Sp Realty;131,16 M;0,61;34,43;4,47;138,33 K;Fundo de Desenvolvimento;-
2026-10-03;NEXG11;Nex Crédito Fiagro Imobiliário;123,36 M;1,29;8,36;9,17;133,52 K;Fundo de Papel;5,30%
2026-10-03;BIPD11;Brio Real Estate Iv Fii;120,66 M;0,89;3,52;4,82;155,08 K;Fundo Misto;3,87%
2026-10-03;ALZM11;Alianza Multiestratégia;113,20 M;0,86;;9,55;205,61 K;Fundo de Fundos;-9,60%
2026-10-03;BTWR11;Btowers;102,60 M;0,7;9,59;5,5;106,16 K;Fundo de Desenvolvimento;-2,47%
2026-10-03;DVLP11;Speciale Real Estate Development;102,30 M;0,99;0,36;0,36;263,82 K;Fundo de Tijolo;-2,14%
2026-10-03;SUIN11;Sulamérica Infra Cdi Fi Fif Infra Renda Fixa;100,26 M;0,85;13,23;2,33;101,36 K;Outro;-6,88%
2026-10-03;IAAG11;Inter Amerra - Fiagro;99,50 M;0,76;19,07;11,59;212,21 K;Outro;11,81%
2026-10-03;ARTE11;Ártemis;97,10 M;0,64;8,87;8,87;109,04 K;Fundo de Papel;-29,53%
2026-10-03;SPTW11;Sp Downtown Fundos;96,74 M;0,63;17,39;15,0;102,44 K;Fundo de Tijolo;13,14%
2026-10-03;KOPA11;Kinea Oportunidades Agro I;87,94 M;0,94;43,76;10,5;109,03 K;Outro;15,00%
2026-10-03;MMVE11;Mmve Oportunidades Imobiliárias;78,97 M;0,46;;;153,20 K;Fundo Misto;-51,90%
2026-10-03;GRAV11;Gravataí Shopping;75,07 M;1,28;;;359,88 K;Fundo de Tijolo;4,11%
2026-10-03;TMPS11;Itaú Tempus;74,69 M;0,94;14,87;9,37;252,80 K;Outro;21,60%
2026-10-03;LKDV11;Development V1;74,01 M;1,0;;;277,60 K;Fundo de Papel;10,46%
2026-10-03;RBIF11;Rio Bravo Esg;73,43 M;0,72;14,71;9,8;479,37 K;Outro;-0,94%
2026-10-03;SNME11;Suno Multiestratégia;71,16 M;0,98;16,7;9,69;148,67 K;Fundo Misto;16,07%
2026-10-03;VCTH11;Vera Cruz Three;67,76 M;1,07;;;131,37 K;Fundo de Papel;-2,90%
2026-10-03;CPFF11;Capitânia Reit Fof;67,46 M;1,12;;8,51;4,78 M;Fundo de Fundos;8,93%
2026-10-03;CCVA11;Canuma Capital Renda Varejo;64,70 M;0,85;3,35;3,35;175,12 K;Outro;-
2026-10-03;ICNE11;Ícone Fii;61,20 M;0,96;25,91;22,51;1,42 M;Fundo de Desenvolvimento;-5,90%
2026-10-03;AERO11;Hco Opps Aero I;60,82 M;1,03;;;940,42 K;Fundo de Tijolo;1,00%
2026-10-03;REME11;Rb Multiestratégia Imobiliária;57,86 M;0,95;7,25;7,25;374,66 K;Fundo de Fundos;13,32%
2026-10-03;DVLT11;Fii Dvlt;53,17 M;0,99;0,51;0,51;165,57 K;Fundo de Desenvolvimento;-
2026-10-03;INDE11;Inter Desenvolvimento Fii;49,85 M;0,54;;;126,07 K;Fundo de Desenvolvimento;-34,75%
2026-10-03;OXRL11;Fii Oxrl;47,37 M;1,11;6,38;0,76;1,27 M;Fundo Misto;3,75%
2026-10-03;EMET11;Emet Multiestratégia Fii;45,89 M;1,01;14,62;5,8;441,64 K;Fundo Misto;0,11%
2026-10-03;ROCA11;Ceres Renda Agro;41,97 M;0,99;;;159,99 K;Outro;4,30%
2026-10-03;ASRF11;Asa Retrofits I Fundo De Investimento Imobiliário;37,95 M;1,3;;;171,41 K;Fundo de Desenvolvimento;12,88%
2026-10-03;PNPR11;Panorama Properties;34,73 M;1,22;3,48;1,16;1,60 M;Fundo de Desenvolvimento;6,05%
2026-10-03;BMLT11;Permuta Financeira Lote5;33,04 M;0,96;;;147,82 K;Fundo de Tijolo;6,88%
2026-10-03;VGII11;Fii Vgii;32,57 M;1,02;6,56;2,86;1,88 M;Fundo de Papel;-3,32%
2026-10-03;CXTL11;Caixa Seq Logística Renda;22,21 M;0,84;2,5;5,85;384,57 K;Fundo de Tijolo;20,52%
2026-10-03;ERCR11;Estoque Residencial E Comercial Rj;22,12 M;0,39;;5,97;1,64 M;Fundo de Tijolo;0,75%
2026-10-03;NAUI11;Ten Desenvolvimento;21,78 M;2,28;;;216,10 K;Fundo de Tijolo;-12,61%
2026-10-03;EDGE11;Edge Fundo De Investimento Imobiliário;12,47 M;0,73;24,22;7,2;110,33 K;Fundo de Papel;-11,80%
